PIH,1347
TURN,180
FLWS,-401761
FCCY,1st
SRCE,1st
VNET,21Vianet
TWOU,2U
JOBS,51job
CAFD,8point3
EGHT,8x8
AVHI,A
SHLM,A.
AAON,AAON
ABAX,ABAXIS
ABEO,Abeona
ABEOW,Abeona
ABIL,Ability
ABMD,ABIOMED
ABLX,Ablynx
AXAS,Abraxas
ACIU,AC
ACIA,Acacia
ACTG,Acacia
ACHC,Acadia
ACAD,ACADIA
ACST,Acasti
AXDX,Accelerate
XLRN,Acceleron
ANCX,Access
ARAY,Accuray
ACRX,AcelRx
ACER,Acer
ACERW,Acer
ACET,Aceto
AKAO,Achaogen
ACHV,Achieve
ACHN,Achillion
ACIW,ACI
ACRS,Aclaris
ACMR,ACM
ACNB,ACNB
ACOR,Acorda
SQZZ,Active
ATVI,Activision
ACXM,Acxiom
ADMS,Adamas
ADMP,Adamis
ADAP,Adaptimmune
ADUS,Addus
AEY,ADDvantage
IOTS,Adesto
ADMA,ADMA
ADBE,Adobe
ADOM,ADOMANI
ADTN,ADTRAN
ADRO,Aduro
ADES,Advanced
AEIS,Advanced
AMD,Advanced
ADXS,Advaxis
ADXSW,Advaxis
ADVM,Adverum
ACT,AdvisorShares
AEGN,Aegion
AGLE,Aeglea
AEHR,Aehr
AMTX,Aemetis
AERI,Aerie
AVAV,AeroVironment
AEZS,AEterna
AEMD,Aethlon
GNMX,Aevi
AFMD,Affimed
AGEN,Agenus
AGRX,Agile
AGYS,Agilysys
AGIO,Agios
AGNC,AGNC
AGNCB,AGNC
AGNCN,AGNC
AGFS,AgroFresh
AGFSW,AgroFresh
ALRN,Aileron
AIMT,Aimmune
AIRT,Air
ATSG,Air
AIRG,Airgain
AMCN,AirMedia
AKAM,Akamai
AKTX,Akari
AKCA,Akcea
AKBA,Akebia
AKER,Akers
AKRX,Akorn
AKTS,Akoustis
ALRM,Alarm.com
ALSK,Alaska
ALBO,Albireo
ABDC,Alcentra
ALDR,Alder
ALDX,Aldeyra
ALXN,Alexion
ALCO,Alico
ALGN,Align
ALIM,Alimera
ALJJ,ALJ
ALKS,Alkermes
ABTX,Allegiance
ALGT,Allegiant
ALNA,Allena
AHGP,Alliance
AMMA,Alliance
ARLP,Alliance
AHPI,Allied
AMOT,Allied
ALQA,Alliqua
ALLT,Allot
MDRX,Allscripts
AFAM,Almost
ALNY,Alnylam
AOSL,Alpha
GOOG,Alphabet
GOOGL,Alphabet
SMCP,AlphaMark
ATEC,Alphatec
ALPN,Alpine
SWIN,ALPS/Dorsey
AMR,Alta
AMRWW,Alta
AABA,Altaba
ALTR,Altair
ALT,Altimmune
ASPS,Altisource
AIMC,Altra
AMAG,AMAG
AMRN,Amarin
AMRK,A-Mark
AMZN,Amazon.com
AMBC,Ambac
AMBCW,Ambac
AMBA,Ambarella
AMCX,AMC
DOX,Amdocs
AMDA,Amedica
AMED,Amedisys
UHAL,Amerco
AMRH,Ameri
AMRHW,Ameri
ATAX,America
AMOV,America
AAL,American
ACSF,American
AETI,American
AMNB,American
ANAT,American
AOBC,American
APEI,American
ARII,American
AMRB,American
AMSWA,American
AMSC,American
AMWD,American
CRMT,America&#39
ABCB,Ameris
AMSF,AMERISAFE
ASRV,AmeriServ
ASRVP,AmeriServ
ATLO,Ames
AMGN,Amgen
FOLD,Amicus
AMKR,Amkor
AMPH,Amphastar
IBUY,Amplify
ASYS,Amtech
AFSI,AmTrust
AMRS,Amyris
ADI,Analog
ALOG,Analogic
ANAB,AnaptysBio
AVXL,Anavex
ANCB,Anchor
ANDA,Andina
ANDAR,Andina
ANDAU,Andina
ANDAW,Andina
ANGI,ANGI
ANGO,AngioDynamics
ANIP,ANI
ANIK,Anika
ANSS,ANSYS
ATRS,Antares
ANTH,Anthera
APLS,Apellis
APOG,Apogee
APEN,Apollo
AINV,Apollo
AMEH,Apollo
APPF,AppFolio
APPN,Appian
AAPL,Apple
ARCI,Appliance
APDN,Applied
APDNW,Applied
AGTC,Applied
AMAT,Applied
AAOI,Applied
AREX,Approach
APTI,Apptio
APRI,Apricus
APVO,Aptevo
APTO,Aptose
AQMS,Aqua
AQB,AquaBounty
AQXP,Aquinox
ARDM,Aradigm
ARLZ,Aralez
PETX,Aratana
ABUS,Arbutus
ARCW,ARC
ABIO,ARCA
RKDA,Arcadia
ARCB,ArcBest
ACGL,Arch
ACGLO,Arch
ACGLP,Arch
APLP,Archrock
FUV,Arcimoto
ARCT,Arcturus
ARDX,Ardelyx
ARNA,Arena
ARCC,Ares
ARGX,argenx
AGII,Argo
AGIIL,Argo
ARGS,Argos
ARKR,Ark
ARMO,ARMO
ARTX,Arotech
ARQL,ArQule
ARRY,Array
ARRS,ARRIS
DWCR,Arrow
DWAT,Arrow
AROW,Arrow
ARWR,Arrowhead
ASNS,Arsanis
ARTNA,Artesian
ARTW,Art&#39
ASNA,Ascena
ASND,Ascendis
ASCMA,Ascent
APWC,Asia
ASML,ASML
ASPU,Aspen
AZPN,Aspen
ASMB,Assembly
ASFI,Asta
ASTE,Astec
ATRO,Astronics
ALOT,AstroNova
ASTC,Astrotech
ASUR,Asure
ASV,ASV
ATAI,ATA
ATRA,Atara
ATHN,athenahealth
ATNX,Athenex
ATHX,Athersys
ATAC,Atlantic
ATACR,Atlantic
ATACU,Atlantic
AAME,Atlantic
ACBI,Atlantic
ACFC,Atlantic
AY,Atlantica
ATLC,Atlanticus
AAWW,Atlas
AFH,Atlas
AFHBL,Atlas
TEAM,Atlassian
ATNI,ATN
ATOM,Atomera
ATOS,Atossa
ATRC,AtriCure
ATRI,Atrion
ATTU,Attunity
LIFE,aTyr
AUBN,Auburn
BOLD,Audentes
AUDC,AudioCodes
AUPH,Aurinia
EARS,Auris
ADSK,Autodesk
ADP,Automatic
AUTO,AutoWeb
AVDL,Avadel
ATXI,Avenue
AVEO,AVEO
AVXS,AveXis
AVNW,Aviat
CDMO,Avid
CDMOP,Avid
AVID,Avid
AVGR,Avinger
CAR,Avis
AHPA,Avista
AHPAU,Avista
AHPAW,Avista
AWRE,Aware
ACLS,Axcelis
AXGN,AxoGen
AAXN,Axon
AXON          ,Axovant
AXSM,Axsome
AXTI,AXT
AYTU,Aytu
AZRX,AzurRx
BCOM,B
RILY,B.
RILYG,B.
RILYL,B.
RILYZ,B.
BOSC,B.O.S.
BIDU,Baidu
BCPC,Balchem
BWINA,Baldwin
BWINB,Baldwin
BLDP,Ballard
BANF,BancFirst
BANFP,BancFirst
BCTF,Bancorp
BAND,Bandwidth
BOCH,Bank
BMRC,Bank
BMLP,Bank
BKSC,Bank
BOTJ,Bank
OZRK,Bank
BFIN,BankFinancial
BWFG,Bankwell
BANR,Banner
BZUN,Baozun
DFVL,Barclays
DFVS,Barclays
DLBL,Barclays
DLBS,Barclays
DTUL,Barclays
DTUS,Barclays
DTYL,Barclays
DTYS,Barclays
FLAT,Barclays
STPP,Barclays
TAPR,Barclays
BHAC,Barington/Hilco
BHACR,Barington/Hilco
BHACU,Barington/Hilco
BHACW,Barington/Hilco
BBSI,Barrett
BSET,Bassett
BYBK,Bay
BCBP,BCB
BECN,Beacon
BSF,Bear
BBGI,Beasley
BBBY,Bed
BGNE,BeiGene
BELFA,Bel
BELFB,Bel
BLPH,Bellerophon
BLCM,Bellicum
BNCL,Beneficial
BNFT,Benefitfocus
BNTC,Benitec
BNTCW,Benitec
BYSI,BeyondSpring
BGCP,BGC
BGFV,Big
BRPA,Big
BRPAR,Big
BRPAU,Big
BRPAW,Big
BASI,Bioanalytical
ORPN,Bioblast
BIOC,Biocept
BCRX,BioCryst
BDSI,BioDelivery
BFRA,Biofrontera
BIIB,Biogen
BKYI,BIO-key
BIOL,Biolase
BLFS,BioLife
BLRX,BioLineRx
BMRN,BioMarin
BMRA,Biomerica
BVXV,BiondVax
BVXVW,BiondVax
BPTH,Bio-Path
BIOS,BioScrip
BSTC,BioSpecifics
BSPM,Biostar
TECH,Bio-Techne
BEAT,BioTelemetry
BTAI,BioXcel
BCAC,Bison
BCACR,Bison
BCACU,Bison
BCACW,Bison
BJRI,BJ&#39
BBOX,Black
BRAC,Black
BRACR,Black
BRACU,Black
BRACW,Black
BLKB,Blackbaud
HAWK,Blackhawk
BL,BlackLine
BKCC,BlackRock
ADRA,BLDRS
ADRD,BLDRS
ADRE,BLDRS
ADRU,BLDRS
BLNK,Blink
BLNKW,Blink
BLMN,Bloomin&#39
BCOR,Blucora
BLBD,Blue
BUFF,Blue
BHBK,Blue
BLUE,bluebird
BKEP,Blueknight
BKEPP,Blueknight
BPMC,Blueprint
ITEQ,BlueStar
BMCH,BMC
BOFI,BofI
BOFIL,BofI
WIFI,Boingo
BOJA,Bojangles&#39
BOKF,BOK
BOKFL,BOK
BNSO,Bonso
BKNG,Booking
BRQS,Borqs
BOMN,Boston
BPFH,Boston
BPFHP,Boston
BPFHW,Boston
EPAY,Bottomline
BOXL,Boxlight
BCLI,Brainstorm
BVNSC,Brandes
BBRG,Bravo
BDGE,Bridge
BLIN          ,Bridgeline
BWB,Bridgewater
BRID,Bridgford
BCOV,Brightcove
BHF,Brighthouse
AVGO,Broadcom
BVSN,BroadVision
BYFC,Broadway
BWEN,Broadwind
BPY,Brookfield
BRKL,Brookline
BRKS,Brooks
BRKR,Bruker
BMTC,Bryn
BLMT,BSB
BSQR,BSQUARE
BLDR,Builders
BUR,Burcon
CFFI,C&F
CHRW,C.H.
CA,CA
CCMP,Cabot
CDNS,Cadence
CDZI,Cadiz
CZR,Caesars
CSTE,Caesarstone
PRSS,CafePress
CLBS,Caladrius
CHY,Calamos
CHI,Calamos
CCD,Calamos
CHW,Calamos
CGO,Calamos
CSQ,Calamos
CAMP,CalAmp
CVGW,Calavo
CALA,Calithera
CALD,Callidus
CALM,Cal-Maine
CLMT,Calumet
CRUSC,Calvert
CLXT,Calyxt
ABCD,Cambium
CATC,Cambridge
CAC,Camden
CAMT,Camtek
CSIQ,Canadian
CGIX,Cancer
CPHC,Canterbury
CPLA,Capella
CCBG,Capital
CPLP,Capital
CSWC,Capital
CSWCL,Capital
CPTA,Capitala
CPTAG,Capitala
CPTAL,Capitala
CFFN,Capitol
CAPR,Capricor
CSTR,CapStar
CPST,Capstone
CARA,Cara
CARB,Carbonite
CRME,Cardiome
CSII,Cardiovascular
CDLX,Cardlytics
CATM,Cardtronics
CDNA,CareDx
CECO,Career
CTRE,CareTrust
CARG,CarGurus
CARO,Carolina
CART,Carolina
CRZO,Carrizo
TAST,Carrols
CARV,Carver
CASM,CAS
CASA,Casa
CWST,Casella
CASY,Caseys
CASI,CASI
CASS,Cass
CATB,Catabasis
CBIO,Catalyst
CPRX,Catalyst
CATS,Catasys
CATY,Cathay
CATYW,Cathay
CVCO,Cavco
CAVM,Cavium
CBFV,CB
CBAK,CBAK
CBOE,Cboe
CBTX,CBTX
CCUR,CCUR
CDK,CDK
CDW,CDW
CECE,CECO
CELC,Celcuity
CELG,Celgene
CELGZ,Celgene
CLDX,Celldex
APOP,Cellect
APOPW,Cellect
CLRB,Cellectar
CLRBW,Cellectar
CLRBZ,Cellectar
CLLS,Cellectis
CBMG,Cellular
CLSN,Celsion
CELH,Celsius
CYAD,Celyad
CETX,Cemtrex
CETXP,Cemtrex
CETXW,Cemtrex
CDEV,Centennial
CSFL,CenterState
CETV,Central
CFBK,Central
CENT,Central
CENTA,Central
CVCY,Central
CENX,Century
CNBKA,Century
CNTY,Century
CRNT,Ceragon
CERC,Cerecor
CERCW,Cerecor
CERN,Cerner
CERS,Cerus
KOOL,Cesca
CEVA,CEVA
CSBR,Champions
CYOU,Changyou.com
BURG,Chanticleer
CTHR,Charles
GTLS,Chart
CHTR,Charter
CHFN,Charter
CHKP,Check
CHEK,Check-Cap
CHEKW,Check-Cap
CKPT,Checkpoint
CEMI,Chembio
CHFC,Chemical
CCXI,ChemoCentryx
CHMG,Chemung
CHKE,Cherokee
CHFS,CHF
CHMA,Chiasma
CSSE,Chicken
PLCE,Children&#39
CMRX,Chimerix
CADC,China
CALI,China
CAAS,China
CBPO,China
CCCL,China
CCCR,China
CCRC,China
JRJC,China
HGSH,China
CNIT,China
CIFS,China
CJJD,China
CLDC,China
HTHT,China
CHNR,China
CREG,China
CNTF,China
CXDC,China
CCIH,ChinaCache
CNET,ChinaNet
IMOS,ChipMOS
CDXC,ChromaDex
CHSCL,CHS
CHSCM,CHS
CHSCN,CHS
CHSCO,CHS
CHSCP,CHS
CHDN,Churchill
CHUY,Chuy&#39
CDTX,Cidara
CMCT,CIM
CMCTP,CIM
CMPR,Cimpress
CINF,Cincinnati
CIDM,Cinedigm
CTAS,Cintas
CRUS,Cirrus
CSCO,Cisco
CTRN,Citi
CTXR,Citius
CTXRW,Citius
CZNC,Citizens
CZWI,Citizens
CZFC,Citizens
CIZN,Citizens
CTXS,Citrix
CHCO,City
CIVB,Civista
CIVBP,Civista
CLAR,Clarus
CDTI,Clean
CLNE,Clean
CACG,ClearBridge
YLDE,ClearBridge
LRGE,ClearBridge
CLFD,Clearfield
CLRO,ClearOne
CLSD,Clearside
CLIR,ClearSign
CLIRW,ClearSign
CMTA,Clementia
CBLI,Cleveland
CSBK,Clifton
CLVS,Clovis
CMFN,CM
CMSS,CM
CMSSR,CM
CMSSU,CM
CMSSW,CM
CME,CME
CCNE,CNB
CWAY,Coastway
COBZ,CoBiz
COKE,Coca-Cola
COCP,Cocrystal
CODA,Coda
CDXS,Codexis
CODX,Co-Diagnostics
CVLY,Codorus
JVA,Coffee
CCOI,Cogent
CGNT,Cogentix
COGT,Cogint
CGNX,Cognex
CTSH,Cognizant
CWBR,CohBar
COHR,Coherent
CHRS,Coherus
COHU,Cohu
CLCT,Collectors
COLL,Collegium
CIGI,Colliers
CLGN,CollPlant
CBAN,Colony
COLB,Columbia
COLM,Columbia
CMCO,Columbus
CMCSA,Comcast
CBSH,Commerce
CBSHP,Commerce
CHUBA,CommerceHub
CHUBK,CommerceHub
CVGI,Commercial
COMM,CommScope
JCS,Communications
ESXB,Community
CFBI,Community
CYHHZ,Community
CTBI,Community
CWBC,Community
CVLT,Commvault
CGEN,Compugen
CPSI,Computer
CTG,Computer
CHCI,Comstock
CMTL,Comtech
CNAT,Conatus
CNCE,Concert
CXRX,Concordia
CDOR,Condor
CFMS,ConforMIS
CNFR,Conifer
CNMD,CONMED
CTWS,Connecticut
CNOB,ConnectOne
CONN,Conn&#39
CNSL,Consolidated
CWCO,Consolidated
CNAC,Constellation
CNACR,Constellation
CNACU,Constellation
CNACW,Constellation
CPSS,Consumer
CFRX,ContraFect
CTRV,ContraVir
CTRL,Control4
CVON,ConvergeOne
CVONW,ConvergeOne
CPRT,Copart
CRBP,Corbus
CORT,Corcept
CORE,Core-Mark
CORI,Corium
CSOD,Cornerstone
CRVL,CorVel
CRVS,Corvus
CSGP,CoStar
COST,Costco
CPAH,CounterPath
ICBK,County
COUP,Coupa
CVTI,Covenant
COWN,Cowen
COWNZ,Cowen
PMTS,CPI
CPSH,CPS
CRAI,CRA
CBRL,Cracker
BREW,Craft
CRAY,Cray
CACC,Credit
DGLD,Credit
DSLV,Credit
GLDI,Credit
SLVO,Credit
TVIX,Credit
TVIZ,Credit
UGLD,Credit
USLV,Credit
USOI,Credit
VIIX,Credit
VIIZ,Credit
ZIV,Credit
CREE,Cree
CRESY,Cresud
CRSP,CRISPR
CRTO,Criteo
CROX,Crocs
CRON,Cronos
CCRN,Cross
CRWS,Crown
CYRX,CryoPort
CYRXW,CryoPort
CSGS,CSG
CCLP,CSI
CSPI,CSP
CSWI,CSW
CSX,CSX
CTIC,CTI
CTIB,CTI
CTRP,Ctrip.com
CUE,Cue
CUI,CUI
CPIX,Cumberland
CRIS,Curis
CUTR,Cutera
CVBF,CVB
CVV,CVD
CYAN,Cyanotech
CYBR,CyberArk
CYBE,CyberOptics
CYCC,Cyclacel
CYCCP,Cyclacel
CBAY,CymaBay
CY,Cypress
CYRN,CYREN
CONE,CyrusOne
CYTK,Cytokinetics
CTMX,CytomX
CYTX,Cytori
CYTXW,Cytori
CTSO,Cytosorbents
CYTR,CytRx
DJCO,Daily
DAKT,Daktronics
DARE,Dare
DRIO,DarioHealth
DRIOW,DarioHealth
DZSI,DASAN
DSKE,Daseke
DSKEW,Daseke
DAIO,Data
DWCH,Datawatch
PLAY,Dave
DTEA,DAVIDsTEA
DFNL,Davis
DINT,Davis
DUSA,Davis
DWLD,Davis
DWSN,Dawson
DBVT,DBV
DCPH,Deciphera
DFRG,Del
TACO,Del
TACOW,Del
DMPI,DelMar
DELT,Delta
DNLI,Denali
DENN,Denny&#39
XRAY,DENTSPLY
DEPO,Depomed
DERM,Dermira
DEST,Destination
DXLG,Destination
DSWL,Deswell
DTRM,Determine
DXCM,DexCom
DFBHU,DFB
DHXM,DHX
DHIL,Diamond
FANG,Diamondback
DCIX,Diana
DRNA,Dicerna
DFBG,Differential
DFFN,Diffusion
DGII,Digi
DMRC,Digimarc
DRAD,Digirad
DGLY,Digital
APPS,Digital
DCOM,Dime
DIOD,Diodes
DISCA,Discovery
DISCB,Discovery
DISCK,Discovery
DISH,DISH
DVCR,Diversicare
SAUC,Diversified
DLHC,DLH
BOOM,DMC
DNBF,DNB
DOGZ,Dogness
DLTR,Dollar
DLPN,Dolphin
DLPNW,Dolphin
DGICA,Donegal
DGICB,Donegal
DMLP,Dorchester
DORM,Dorman
DOVA,Dova
LYL,Dragon
DOTA,Draper
DOTAR,Draper
DOTAU,Draper
DOTAW,Draper
DCAR,DropCar
DRYS,DryShips
DSPG,DSP
DLTH,Duluth
DNKN,Dunkin&#39
DRRX,DURECT
DXPE,DXP
DYSL,Dynasil
DYNT,Dynatronics
DVAX,Dynavax
ETFC,E*TRADE
EBMT,Eagle
EGBN,Eagle
EGLE,Eagle
EFBI,Eagle
EGRX,Eagle
EWBC,East
EACQ,Easterly
EACQU,Easterly
EACQW,Easterly
EML,Eastern
EAST,Eastside
EASTW,Eastside
EVGBC,Eaton
EVSTC,Eaton
EVFTC,Eaton
EVLMC,Eaton
OKDCC,Eaton
EBAY,eBay
EBAYL,eBay
EBIX,Ebix
ELON,Echelon
ECHO,Echo
SATS,EchoStar
EEI,Ecology
ESES,Eco-Stim
EDAP,EDAP
EDGE,Edge
EDGW,Edgewater
EDIT,Editas
EDUC,Educational
EGAN,eGain
EGLT,Egalet
EHTH,eHealth
EIGR,Eiger
EKSO,Ekso
LOCO,El
EMITF,Elbit
ESLT,Elbit
ERI,Eldorado
ESIO,Electro
EA,Electronic
EFII,Electronics
ELSE,Electro-Sensors
ELEC,Electrum
ELECU,Electrum
ELECW,Electrum
EBIO,Eleven
DWAC,Elkhorn
ESBK,Elmira
ELTK,Eltek
EMCI,EMC
EMCF,Emclaire
EMKR,EMCORE
EMMS,Emmis
NYNY,Empire
ENTA,Enanta
ECPG,Encore
WIRE,Encore
ENDP,Endo
ECYT,Endocyte
ELGX,Endologix
NDRA,ENDRA
NDRAW,ENDRA
EIGI,Endurance
WATT,Energous
EFOI,Energy
ERII,Energy
EXXI,Energy
ENG,ENGlobal
ENPH,Enphase
ESGR,Enstar
ENFC,Entegra
ENTG,Entegris
EBTC,Enterprise
EFSC,Enterprise
EPZM,Epizyme
PLUS,ePlus
EQIX,Equinix
EQFN,Equitable
EQBK,Equity
ERIC,Ericsson
ERIE,Erie
ERYP,Erytech
ESCA,Escalade
ESPR,Esperion
ESQ,Esquire
ESSA,ESSA
EPIX,ESSA
ESND,Essendant
ESTR,Estre
ESTRW,Estre
VBND,ETF
VUSE,ETF
VIDI,ETF
ETSY,Etsy
CLWT,Euro
EEFT,Euronet
ESEA,Euroseas
EVEP,EV
EVBG,Everbridge
EVK,Ever-Glory
MRAM,Everspin
EVLV,EVINE
EVFM,Evofem
EVGN,Evogene
EVOK,Evoke
EOLS,Evolus
EVOL,Evolving
EXAS,Exact
FLAG,Exchange
XELA,Exela
EXEL,Exelixis
EXFO,EXFO
EXLS,ExlService
EXPE,Expedia
EXPD,Expeditors
EXPO,Exponent
ESRX,Express
XOG,Extraction
EXTR,Extreme
EYEG,Eyegate
EYEGW,Eyegate
EYEN,Eyenovia
EZPW,EZCORP
FFIV,F5
FB,Facebook
DAVE,Famous
FANH,Fanhua
FARM,Farmer
FMAO,Farmers
FFKT,Farmers
FMNB,Farmers
FAMI,FARMMI
FARO,FARO
FAST,Fastenal
FAT,FAT
FATE,Fate
FBSS,Fauquier
FCRE,FC
FSAC,Federal
FSACU,Federal
FSACW,Federal
FNHC,Federated
FENC,Fennec
GSM,Ferroglobe
FFBW,FFBW
FCSC,Fibrocell
FGEN,FibroGen
FDBC,Fidelity
ONEQ,Fidelity
LION,Fidelity
FDUS,Fidus
FDUSL,Fidus
FRGI,Fiesta
FITB,Fifth
FITBI,Fifth
FNGN,Financial
FISI,Financial
FNSR,Finisar
FNJN,Finjan
FNTE,FinTech
FNTEU,FinTech
FNTEW,FinTech
FEYE,FireEye
FBNC,First
FNLC,First
FRBA,First
BUSE,First
FBIZ,First
FCAP,First
FCFS,First
FCNCA,First
FCBC,First
FCCO,First
FBNK,First
FDEF,First
FFBC,First
FFBCW,First
FFIN,First
THFF,First
FFNW,First
FFWM,First
FGBI,First
FHB,First
INBK,First
INBKL,First
FIBK,First
FRME,First
FMBH,First
FMBI,First
FNWB,First
FSFG,First
FSLR,First
FAAR,First
FPA,First
BICK,First
FBZ,First
FTHI,First
FCAL,First
FCAN,First
FTCS,First
FCEF,First
FCA,First
SKYY,First
RNDM,First
FDT,First
FDTS,First
FVC,First
FV,First
IFV,First
DWPP,First
FEM,First
RNEM,First
FEMB,First
FEMS,First
FTSM,First
FEP,First
FEUZ,First
FGM,First
FTGC,First
FTLB,First
HYLS,First
FHK,First
FTAG,First
FTRI,First
LEGR,First
FPXI,First
YDIV,First
FJP,First
FEX,First
FTC,First
RNLC,First
FTA,First
FLN,First
LMBS,First
FMB,First
FMK,First
FNX,First
FNY,First
RNMC,First
FNK,First
FAD,First
FAB,First
MDIV,First
MCEF,First
FMHI,First
QABA,First
ROBT,First
FTXO,First
QCLN,First
GRID,First
CIBR,First
FTXG,First
CARZ,First
FTXN,First
FTXH,First
FTXD,First
FTXL,First
FONE,First
TDIV,First
FTXR,First
QQEW,First
QQXT,First
QTEC,First
AIRR,First
QINC,First
RDVY,First
RFAP,First
RFDI,First
RFEM,First
RFEU,First
FTSL,First
FYX,First
FYC,First
RNSC,First
FYT,First
SDVY,First
FKO,First
FCVT,First
FDIV,First
FSZ,First
FTW,First
FIXD,First
TUSA,First
FKU,First
RNDV,First
FUNC,First
FUSB,First
SVVC,Firsthand
FSV,FirstService
FISV,Fiserv
FIVE,Five
FPRX,Five
FVE,Five
FIVN,Five9
FLEX,Flex
FLKS,Flex
FLXN,Flexion
SKOR,FlexShares
LKOR,FlexShares
MBSD,FlexShares
ASET,FlexShares
ESGG,FlexShares
ESG,FlexShares
QLC,FlexShares
FPAY,FlexShopper
FLXS,Flexsteel
FLIR,FLIR
FLDM,Fluidigm
FFIC,Flushing
FNBG,FNB
FNCB,FNCB
FOMX,Foamix
FOGO,Fogo
FONR,Fonar
FSCT,ForeScout
FRSX,Foresight
FORM,FormFactor
FORTY,Formula
FORR,Forrester
FRTA,Forterra
FTNT,Fortinet
FBIO,Fortress
FBIOP,Fortress
FWRD,Forward
FORD,Forward
FWP,Forward
FOSL,Fossil
FMI,Foundation
FOXF,Fox
FRAN,Francesca&#39
FELE,Franklin
FRED,Fred&#39
RAIL,Freightcar
FEIM,Frequency
FRPT,Freshpet
FTEO,FRONTEO
FTR,Frontier
FTRPR,Frontier
FRPH,FRP
FSBW,FS
FSBC,FSB
FTD,FTD
FTEK,Fuel
FCEL,FuelCell
FLGT,Fulgent
FORK,Fuling
FLL,Full
FULT,Fulton
FNKO,Funko
FSNN,Fusion
FTFT,Future
FFHL,Fuwei
WILC,G.
GTHX,G1
FOANC,Gabelli
GRBIC,Gabelli
MOGLC,Gabelli
GAIA,Gaia
GLPG,Galapagos
GALT,Galectin
GLMD,Galmed
GLPI,Gaming
GPIC,Gaming
GRMN,Garmin
GARS,Garrison
GLIBA,GCI
GLIBP,GCI
GDS,GDS
GEMP,Gemphire
GENC,Gencor
GFN,General
GFNCP,General
GFNSL,General
GENE,Genetic
GNUS,Genius
GNMK,GenMark
GNCA,Genocea
GHDX,Genomic
GNTX,Gentex
THRM,Gentherm
GEOS,Geospace
GABC,German
GERN,Geron
GEVO,Gevo
ROCK,Gibraltar
GIGM,GigaMedia
GIII,G-III
GILT,Gilat
GILD,Gilead
GBCI,Glacier
GLAD,Gladstone
GLADN,Gladstone
GOOD,Gladstone
GOODM,Gladstone
GOODO,Gladstone
GOODP,Gladstone
GAIN,Gladstone
GAINM,Gladstone
GAINN,Gladstone
GAINO,Gladstone
LAND,Gladstone
LANDP,Gladstone
GLBZ,Glen
GBT,Global
ENT,Global
GBLI,Global
GBLIL,Global
GBLIZ,Global
SELF,Global
GWRS,Global
KRMA,Global
FINX,Global
BFIT,Global
SNSR,Global
LNGR,Global
MILN,Global
EFAS,Global
QQQC,Global
BOTZ,Global
CATH,Global
SOCL,Global
ALTY,Global
SRET,Global
YLCO,Global
GLBS,Globus
GLUU,Glu
GLYC,GlycoMimetics
GOGO,Gogo
GLNG,Golar
GMLP,Golar
GMLPP,Golar
GDEN,Golden
GOGL,Golden
GBDC,Golub
GTIM,Good
GPRO,GoPro
GPAQ,Gordon
GPAQU,Gordon
GPAQW,Gordon
GSHT,Gores
GSHTU,Gores
GSHTW,Gores
GOV,Government
GOVNI,Government
LOPE,Grand
GRVY,GRAVITY
GECC,Great
GECCL,Great
GECCM,Great
GEC,Great
GLDD,Great
GSBC,Great
GNBC,Green
GRBK,Green
GPP,Green
GPRE,Green
GCBC,Greene
GLRE,Greenlight
GSUM,Gridsum
GRIF,Griffin
GRFS,Grifols
GRPN,Groupon
OMAB,Grupo
GGAL,Grupo
GSIT,GSI
GSVC,GSV
GTXI,GTx
GTYH,GTY
GTYHU,GTY
GTYHW,GTY
GBNK,Guaranty
GNTY,Guaranty
GFED,Guaranty
GIFI,Gulf
GURE,Gulf
GPOR,Gulfport
GWPH,GW
GWGH,GWG
GYRO,Gyrodyne
HEES,H&E
HLG,Hailiang
HNRG,Hallador
HALL,Hallmark
HALO,Halozyme
HBK,Hamilton
HLNE,Hamilton
HBHC,Hancock
HBHCL,Hancock
HAFC,Hanmi
HQCL,Hanwha
HONE,HarborOne
HDNG,Hardinge
HLIT,Harmonic
HFGIC,Hartford
HBIO,Harvard
HCAP,Harvest
HCAPZ,Harvest
HAS,Hasbro
HA,Hawaiian
HCOM,Hawaiian
HWKN,Hawkins
HWBK,Hawthorn
HYAC,Haymaker
HYACU,Haymaker
HYACW,Haymaker
HAYN,Haynes
HDS,HD
HIIQ,Health
HCSG,Healthcare
HQY,HealthEquity
HSTM,HealthStream
HTLD,Heartland
HTLF,Heartland
HTBX,Heat
HEBT,Hebron
HSII,Heidrick
HELE,Helen
HMNY,Helios
HMTV,Hemisphere
HNNA,Hennessy
HSIC,Henry
HTBK,Heritage
HFWA,Heritage
HCCI,Heritage-Crystal
MLHR,Herman
HRTX,Heron
HSKA,Heska
HX,Hexindai
HIBB,Hibbett
SNLN,Highland/iBoxx
HPJ,Highpower
HIHO,Highway
HIMX,Himax
HIFS,Hingham
HSGX,Histogenics
HMNF,HMN
HMSY,HMS
HOLI,Hollysys
HOLX,Hologic
HBCP,Home
HOMB,Home
HFBL,Home
HMST,HomeStreet
HMTA,HomeTown
HTBI,HomeTrust
HOFT,Hooker
HOPE,Hope
HFBC,HopFed
HBNC,Horizon
HZNP,Horizon
HRZN,Horizon
DAX,Horizons
QYLD,Horizons
HDP,Hortonworks
HPT,Hospitality
TWNK,Hostess
TWNKW,Hostess
HMHC,Houghton
HWCC,Houston
HOVNP,Hovnanian
HBMD,Howard
HTGM,HTG
HUBG,Hub
HSON,Hudson
HDSN,Hudson
HUNT,Hunter
HUNTU,Hunter
HUNTW,Hunter
HBAN,Huntington
HBANN,Huntington
HBANO,Huntington
HURC,Hurco
HURN,Huron
HCM,Hutchison
HBP,Huttig
HVBC,HV
HYGS,Hydrogenics
IDSY,I.D.
IAC,IAC/InterActiveCorp
IAM,I-AM
IAMXR,I-AM
IAMXW,I-AM
IBKC,IBERIABANK
IBKCO,IBERIABANK
IBKCP,IBERIABANK
ICAD,icad
IEP,Icahn
ICCH,ICC
ICFI,ICF
ICHR,Ichor
ICLK,iClick
ICLR,ICON
ICON,Iconix
ICUI,ICU
IPWR,Ideal
INVE,Identiv
IDRA,Idera
IDXX,IDEXX
IESC,IES
IROQ,IF
IFMK,iFresh
INFO,IHS
IIVI,II-VI
KANG,iKang
IKNX,Ikonics
ILG,ILG
ILMN,Illumina
ISNS,Image
IMMR,Immersion
ICCC,ImmuCell
IMDZ,Immune
IMNP          ,Immune
IMGN,ImmunoGen
IMMU,Immunomedics
IMRN,Immuron
IMRNW,Immuron
IMMP,Immutep
IPXL,Impax
IMPV,Imperva
PI,Impinj
IMMY,Imprimis
INCY,Incyte
INDB,Independent
IBCP,Independent
IBTX,Independent
INDU,Industrea
INDUU,Industrea
INDUW,Industrea
ILPT,Industrial
IDSA,Industrial
INFN,Infinera
INFI,Infinity
IPCC,Infinity
IFRX,InflaRx
III,Information
IFON,InfoSonics
IMKTA,Ingles
INWK,InnerWorkings
INOD,Innodata
IPHS,Innophos
IOSP,Innospec
INNT,Innovate
ISSC,Innovative
INVA,Innoviva
INGN,Inogen
INOV,Inovalon
INO,Inovio
INPX,Inpixon
INSG,Inseego
NSIT,Insight
ISIG,Insignia
INSM,Insmed
INSE,Inspired
IIIN,Insteel
PODD,Insulet
INSY,Insys
NTEC,Intec
IART,Integra
IDTI,Integrated
IMTE,Integrated
INTC,Intel
NTLA,Intellia
IPCI,Intellipharmaceutics
IPAR,Inter
IBKR,Interactive
ICPT,Intercept
IDCC,InterDigital
TILE,Interface
LINK,Interlink
IMI,Intermolecular
INAP,Internap
IBOC,International
ISCA,International
IGLD,Internet
IIJI,Internet
IDXG,Interpace
XENT,Intersect
INTX,Intersections
IVAC,Intevac
INTL,INTL
ITCI,Intra-Cellular
IIN,IntriCon
INTU,Intuit
ISRG,Intuitive
ISTR,Investar
ISBC,Investors
ITIC,Investors
NVIV,InVivo
IVTY,Invuity
IONS,Ionis
IOVA,Iovance
IPAS,iPass
IPGP,IPG
IPIC,iPic
CLRG,IQ
CSML,IQ
IRMD,iRadimed
IRTC,iRhythm
IRIX,IRIDEX
IRDM,Iridium
IRDMB,Iridium
IRBT,iRobot
IRWD,Ironwood
IRCP,IRSA
PMPT,iSectors
SLQD,iShares
CSJ,iShares
ISHG,iShares
SHY,iShares
TLT,iShares
IEI,iShares
IEF,iShares
AIA,iShares
COMT,iShares
ISTB,iShares
IXUS,iShares
IUSG,iShares
IUSV,iShares
IUSB,iShares
HEWG,iShares
SUSB,iShares
SUSC,iShares
XT,iShares
FALN,iShares
IFEU,iShares
IFGL,iShares
IGF,iShares
GNMA,iShares
HYXE,iShares
CIU,iShares
IGOV,iShares
EMB,iShares
MBB,iShares
JKI,iShares
ACWX,iShares
ACWI,iShares
AAXJ,iShares
EWZS,iShares
MCHI,iShares
ESGD,iShares
SCZ,iShares
ESGE,iShares
EEMA,iShares
EMXC,iShares
EUFN,iShares
IEUS,iShares
RING,iShares
MPCT,iShares
ENZL,iShares
QAT,iShares
TUR,iShares
UAE,iShares
ESGU,iShares
IBB,iShares
SOXX,iShares
AMCA,iShares
EMIF,iShares
ICLN,iShares
WOOD,iShares
INDY,iShares
IJT,iShares
DVY,iShares
SHV,iShares
CRED,iShares
PFF,iShares
ISRL,Isramco
ITI,Iteris
ITRI,Itron
ITRN,Ituran
ITUS,ITUS
IVENC,Ivy
IVFGC,Ivy
IVFVC,Ivy
IZEA,IZEA
JJSF,J
MAYS,J.
JBHT,J.B.
JCOM,j2
JASO,JA
JKHY,Jack
JACK,Jack
JXSB,Jacksonville
JAGX,Jaguar
JAKK,JAKKS
JMBA,Jamba
JRVR,James
SGQI,Janus
JSML,Janus
JSMD,Janus
JASN,Jason
JASNW,Jason
JAZZ,Jazz
JD,JD.com
JSYN,Jensyn
JSYNR,Jensyn
JSYNU,Jensyn
JSYNW,Jensyn
JBLU,JetBlue
JTPY,JetPay
JCTCF,Jewett-Cameron
JMU,JMU
JBSS,John
JOUT,Johnson
JNCE,Jounce
JNP,Juniper
KTWO,K2M
KALU,Kaiser
KALA,Kala
KALV,KalVista
KMDA,Kamada
KNDI,Kandi
KPTI,Karyopharm
KAAC,Kayne
KAACU,Kayne
KAACW,Kayne
KZIA,Kazia
KBLM,KBL
KBLMR,KBL
KBLMU,KBL
KBLMW,KBL
KBSF,KBS
KCAP,KCAP
KCAPL,KCAP
KRNY,Kearny
KELYA,Kelly
KELYB,Kelly
KMPH,KemPharm
KFFB,Kentucky
KERX,Keryx
KEQU,Kewaunee
KTEC,Key
KTCC,Key
KFRC,Kforce
KE,Kimball
KBAL,Kimball
KIN,Kindred
KGJI,Kingold
KINS,Kingstone
KONE,Kingtone
KNSL,Kinsale
KIRK,Kirkland&#39
KTOV,Kitov
KTOVW,Kitov
KLAC,KLA-Tencor
KLXI,KLX
KONA,Kona
KOPN,Kopin
KRNT,Kornit
KOSS,Koss
KWEB,KraneShares
KTOS,Kratos
KRYS,Krystal
KLIC,Kulicke
KURA,Kura
KVHI,KVH
FSTR,L.B.
LJPC,La
LSBK,Lake
LBAI,Lakeland
LKFN,Lakeland
LAKE,Lakeland
LRCX,Lam
LAMR,Lamar
LANC,Lancaster
LCA,Landcadia
LCAHU,Landcadia
LCAHW,Landcadia
LNDC,Landec
LARK,Landmark
LMRK,Landmark
LMRKO,Landmark
LMRKP,Landmark
LE,Lands&#39
LSTR,Landstar
LNTH,Lantheus
LTRX,Lantronix
LSCC,Lattice
LAUR,Laureate
LAWS,Lawson
LAYN,Layne
LCNB,LCNB
LBIX,Leading
LPTX,LEAP
LGCY,Legacy
LGCYO,Legacy
LGCYP,Legacy
LTXB,LegacyTexas
DDBI,Legg
EDBI,Legg
INFR,Legg
LVHD,Legg
SQLV,Legg
UDBI,Legg
LACQ,Leisure
LACQU,Leisure
LACQW,Leisure
LMAT,LeMaitre
TREE,LendingTree
LXRX,Lexicon
LX,LexinFintech
LGIH,LGI
LHCG,LHC
LLIT,Lianluo
LBRDA,Liberty
LBRDK,Liberty
LEXEA,Liberty
LEXEB,Liberty
LBTYA,Liberty
LBTYB,Liberty
LBTYK,Liberty
QRTEA,Liberty
QRTEB,Liberty
LILA,Liberty
LILAK,Liberty
BATRA,Liberty
BATRK,Liberty
FWONA,Liberty
FWONK,Liberty
LSXMA,Liberty
LSXMB,Liberty
LSXMK,Liberty
TAX,Liberty
LTRPA,Liberty
LTRPB,Liberty
LPNT,LifePoint
LCUT,Lifetime
LFVN,Lifevantage
LWAY,Lifeway
LGND,Ligand
LTBR,Lightbridge
LPTH,LightPath
LLEX,Lilis
LMB,Limbach
LLNW,Limelight
LMNR,Limoneira
LINC,Lincoln
LECO,Lincoln
LIND,Lindblad
LINDW,Lindblad
LINU,LiNiu
LPCN,Lipocine
LQDT,Liquidity
LFUS,Littelfuse
LIVN,LivaNova
LOB,Live
LIVE,Live
LPSN,LivePerson
LIVX,LiveXLive
LKQ,LKQ
LMFA,LM
LMFAW,LM
LOGI,Logitech
LOGM,LogMein
CNCR,Loncar
LONE,Lonestar
LBCC,Long
LFIN,LongFin
LOOP,Loop
LORL,Loral
LOXO,Loxo
LPLA,LPL
LRAD,LRAD
LYTS,LSI
LULU,lululemon
LITE,Lumentum
LMNX,Luminex
LUNA,Luna
LBC,Luther
MBTF,M
MACQ,M
MACQU,M
MACQW,M
MIII,M
MIIIU,M
MIIIW,M
MBVX,MabVax
MCBC,Macatawa
MFNC,Mackinac
MTSI,MACOM
MGNX,MacroGenics
MDGL,Madrigal
MAGS,Magal
MGLN,Magellan
MGIC,Magic
CALL,magicJack
MNGA,MagneGas
MGYR,Magyar
MHLD,Maiden
MSFG,MainSource
MMYT,MakeMyTrip
MBUU,Malibu
MLVF,Malvern
MAMS,MAM
TUSK,Mammoth
RPIBC,Managed
MANH,Manhattan
LOAN,Manhattan
MNTX,Manitex
MTEX,Mannatech
MNKD,MannKind
MANT,ManTech
MARA,Marathon
MCHX,Marchex
MARPS,Marine
MRNS,Marinus
MKTX,MarketAxess
MRLN,Marlin
MAR,Marriott
MBII,Marrone
MRTN,Marten
MMLP,Martin
MRVL,Marvell
MASI,Masimo
MTCH,Match
MTLS,Materialise
MPAC,Matlin
MPACU,Matlin
MPACW,Matlin
MTRX,Matrix
MAT,Mattel
MATR,Mattersight
MATW,Matthews
MXIM,Maxim
MXWL,Maxwell
MZOR,Mazor
MBFI,MB
MBFIO,MB
MCFT,MCBC
MGRC,McGrath
MDCA,MDC
MFIN,Medallion
MFINL,Medallion
MTBC,Medical
MTBCP,Medical
MNOV,MediciNova
MDSO,Medidata
MDGS,Medigus
MDWD,MediWound
MEDP,Medpace
MEIP,MEI
MLCO,Melco
MLNT,Melinta
MLNX,Mellanox
MELR,Melrose
MNLO,Menlo
MTSL,MER
MELI,MercadoLibre
MBWM,Mercantile
MERC,Mercer
MBIN,Merchants
MRCY,Mercury
EBSB,Meridian
MRBK,Meridian
VIVO,Meridian
MRDN,Meridian
MRDNW,Meridian
MMSI,Merit
MACK,Merrimack
MRSN,Mersana
MRUS,Merus
MLAB,Mesa
MESO,Mesoblast
CASH,Meta
MEOH,Methanex
MGEE,MGE
MGPI,MGP
MBOT,Microbot
MCHP,Microchip
MU,Micron
MICT,Micronet
MICTW,Micronet
MSCC,Microsemi
MSFT,Microsoft
MSTR,MicroStrategy
MVIS,Microvision
MPB,Mid
MTP,Midatech
MCEP,Mid-Con
MBCN,Middlefield
MSEX,Middlesex
MSBI,Midland
MOFG,MidWestOne
MIME,Mimecast
MDXG,MiMedx
MNDO,MIND
MB,MINDBODY
NERV,Minerva
MGEN,Miragen
MRTX,Mirati
MSON,MISONIX
MIND,Mitcham
MINDP,Mitcham
MITK,Mitek
MITL,Mitel
MKSI,MKS
MMAC,MMA
MINI,Mobile
MOBL,MobileIron
MMDM,Modern
MMDMR,Modern
MMDMU,Modern
MMDMW,Modern
MTEM,Molecular
MBRX,Moleculin
MNTA,Momenta
MOMO,Momo
MKGI,Monaker
MCRI,Monarch
MDLZ,Mondelez
MGI,Moneygram
MDB,MongoDB
MPWR,Monolithic
TYPE,Monotype
MNRO,Monro
MRCC,Monroe
MNST,Monster
MORN,Morningstar
MOSY,MoSys
MTFB,Motif
MTFBW,Motif
MPAA,Motorcar
MOTS,Motus
MPVD,Mountain
MOXC,Moxian
MSBF,MSB
MTEC,MTech
MTECU,MTech
MTECW,MTech
MTGE,MTGE
MTGEP,MTGE
MTSC,MTS
MUDS,Mudrick
MUDSU,Mudrick
MUDSW,Mudrick
LABL,Multi-Color
MBIO,Mustang
MFSF,MutualFirst
MVBF,MVB
MYSZ,My
MYL,Mylan
MYND,MYnd
MYNDW,MYnd
MYOK,MyoKardia
MYOS,MYOS
MYRG,MYR
MYGN,Myriad
NBRV,Nabriva
NAKD,Naked
NNDM,Nano
NANO,Nanometrics
NSTG,NanoString
NAOV,NanoVibronix
NH,NantHealth
NK,NantKwest
NSSC,NAPCO
NDAQ,Nasdaq
NTRA,Natera
NATH,Nathan&#39
NAUH,National
NKSH,National
FIZZ,National
NCMI,National
NCOM,National
NESR,National
NESRW,National
NGHC,National
NGHCN,National
NGHCO,National
NGHCP,National
NGHCZ,National
NHLD,National
NHLDW,National
NATI,National
NRCIA,National
NRCIB,National
NSEC,National
EYE,National
NWLI,National
NAII,Natural
NHTC,Natural
NATR,Nature&#39
BABY,Natus
JSM,Navient
NAVI,Navient
NBTB,NBT
NCSM,NCS
NEBU,Nebula
NEBUU,Nebula
NEBUW,Nebula
NKTR,Nektar
NMRD,Nemaura
NEOG,Neogen
NEO,NeoGenomics
NEON,Neonode
NEOS,Neos
NVCN,Neovasc
NEPT,Neptune
UEPS,Net
NETE,Net
NTAP,NetApp
NTES,NetEase
NFLX,Netflix
NTGR,NETGEAR
NLST,Netlist
NTCT,NetScout
NTWK,NetSol
CUR,Neuralstem
NBIX,Neurocrine
NURO,NeuroMetrix
NUROW,NeuroMetrix
NTRP,Neurotrope
NBEV,New
NYMT,New
NYMTN,New
NYMTO,New
NYMTP,New
NEWA,Newater
NLNK,NewLink
NMRK,Newmark
NWS,News
NWSA,News
NEWT,Newtek
NEWTI,Newtek
NEWTL,Newtek
NEWTZ,Newtek
NXEO,Nexeo
NXEOU,Nexeo
NXEOW,Nexeo
NXST,Nexstar
NEXT,NextDecade
NFEC,NF
NODK,NI
EGOV,NIC
NICE,NICE
NICK,Nicholas
NCBS,Nicolet
NITE,Nightstar
NIHD,NII
NMIH,NMI
NNBR,NN
NDLS,Noodles
NDSN,Nordson
NSYS,Nortech
NBN,Northeast
NTIC,Northern
NTRS,Northern
NTRSP,Northern
NFBK,Northfield
NRIM,Northrim
NWBI,Northwest
NWPX,Northwest
NCLH,Norwegian
NWFL,Norwood
NVFY,Nova
NVMI,Nova
NOVN,Novan
NOVT,Novanta
NVAX,Novavax
NVLN,Novelion
NVCR,NovoCure
NVMM,Novume
NVUS,Novus
NUAN,Nuance
NCNA,NuCana
NTNX,Nutanix
NTRI,NutriSystem
NUVA,NuVasive
NVTR,Nuvectra
QQQX,Nuveen
NVEE,NV5
NVEC,NVE
NVDA,NVIDIA
NXPI,NXP
NXTM,NxStage
NXTD,NXT-ID
NXTDW,NXT-ID
NYMX,Nymox
OIIM,O2Micro
OVLY,Oak
OCSL,Oaktree
OCSLL,Oaktree
OCSI,Oaktree
OASM,Oasmia
OBLN,Obalon
OBSV,ObsEva
OBCI,Ocean
OPTT,Ocean
ORIG,Ocean
OCFC,OceanFirst
OCLR,Oclaro
OFED,Oconee
OCUL,Ocular
ODT,Odonate
OMEX,Odyssey
ODP,Office
OFS,OFS
OHAI,OHA
OVBC,Ohio
OHRP,Ohr
OKTA,Okta
ODFL,Old
OLBK,Old
ONB,Old
OPOF,Old
OSBC,Old
OSBCP,Old
OLLI,Ollie&#39
ZEUS,Olympic
OFLX,Omega
OMER,Omeros
OMNT,Ominto
OMCL,Omnicell
ON,ON
OTIV,On
ONS,Oncobiologics
ONSIW,Oncobiologics
ONSIZ,Oncobiologics
OMED,OncoMed
ONTX,Onconova
ONTXW,Onconova
ONCS,OncoSec
OHGI,One
OSS,One
OTEX,Open
OPESU,Opes
OPGN,OpGen
OPGNW,OpGen
OPHT,Ophthotech
OPNT,Opiant
OPK,Opko
OBAS,Optibase
OCC,Optical
OPHC,OptimumBank
OPTN,OptiNose
OPB,Opus
ORMP,Oramed
OSUR,OraSure
ORBC,ORBCOMM
ORBK,Orbotech
ORLY,O&#39
OREX,Orexigen
ONVO,Organovo
ORGS,Orgenesis
SEED,Origin
OESX,Orion
ORIT,Oritani
ORRF,Orrstown
OFIX,Orthofix
KIDS,OrthoPediatrics
OSIS,OSI
OSPR,Osprey
OSPRU,Osprey
OSPRW,Osprey
OSN,Ossen
OTEL,Otelco
OTIC,Otonomy
OTTW,Ottawa
OTTR,Otter
OVAS,OvaScience
OSTK,Overstock.com
OVID,Ovid
OXBR,Oxbridge
OXBRW,Oxbridge
OXFD,Oxford
OXLC,Oxford
OXLCM,Oxford
OXLCO,Oxford
PFIN,P
PTSI,P.A.M.
PCAR,PACCAR
PACB,Pacific
PEIX,Pacific
PMBC,Pacific
PPBI,Pacific
PCRX,Pacira
PACW,PacWest
PTIE,Pain
PAAS,Pan
PANL,Pangaea
PZZA,Papa
FRSH,Papa
PRTK,Paratek
PCYG,Park
PKBK,Parke
PRKR,ParkerVision
PKOH,Park-Ohio
PTNR,Partner
PBHC,Pathfinder
PATK,Patrick
PNBK,Patriot
PATI,Patriot
PEGI,Pattern
PDCO,Patterson
PTEN,Patterson-UTI
PAVM,PAVmed
PAVMW,PAVmed
PAYX,Paychex
PCTY,Paylocity
PYDS,Payment
PYPL,PayPal
PBBI,PB
CNXN,PC
PCMI,PCM
PCSB,PCSB
PCTI,PC-Tel
PDCE,PDC
PDFS,PDF
PDLI,PDL
PDLB,PDL
PDVW,pdvWireless
SKIS,Peak
PGC,Peapack-Gladstone
PEGA,Pegasystems
PENN,Penn
PVAC,Penn
PFLT,PennantPark
PNNT,PennantPark
PWOD,Penns
WRLS,Pensare
WRLSR,Pensare
WRLSU,Pensare
WRLSW,Pensare
PEBO,Peoples
PEBK,Peoples
PFIS,Peoples
PBCT,People&#39
PBCTP,People&#39
PUB,People&#39
PEP,Pepsico
PRCP,Perceptron
PRFT,Perficient
PFMT,Performant
PERI,Perion
PESI,Perma-Fix
PPIH,Perma-Pipe
PTX,Pernix
PERY,Perry
PGLC,Pershing
PETQ,PetIQ
PETS,PetMed
PFSW,PFSweb
PGTI,PGT
PHII,PHI
PHIIK,PHI
PAHC,Phibro
PLAB,Photronics
PICO,PICO
PIRS,Pieris
PPC,Pilgrim&#39
PME,Pingtan
PNK,Pinnacle
PNFP,Pinnacle
PPSI,Pioneer
PXLW,Pixelworks
EAGL,Platinum
EAGLU,Platinum
EAGLW,Platinum
PLYA,Playa
PLXS,Plexus
PLUG,Plug
PLBC,Plumas
PSTI,Pluristem
PLXP,PLx
PBSK,Poage
PNTR,Pointer
PCOM,Points
POLA,Polar
COOL,PolarityTE
POOL,Pool
POPE,Pope
BPOP,Popular
BPOPM,Popular
BPOPN,Popular
PBIB,Porter
PTLA,Portola
PBPB,Potbelly
PCH,PotlatchDeltic
POWL,Powell
POWI,Power
PLW,PowerShares
PKW,PowerShares
PFM,PowerShares
PYZ,PowerShares
PEZ,PowerShares
PSL,PowerShares
PIZ,PowerShares
PIE,PowerShares
PXI,PowerShares
PFI,PowerShares
PTH,PowerShares
PRN,PowerShares
DWLV,PowerShares
PDP,PowerShares
DWAQ,PowerShares
DWAS,PowerShares
DWIN,PowerShares
DWTR,PowerShares
PTF,PowerShares
PUI,PowerShares
IDLB,PowerShares
PRFZ,PowerShares
PAGG,PowerShares
PSAU,PowerShares
PIO,PowerShares
PGJ,PowerShares
PEY,PowerShares
IPKW,PowerShares
PID,PowerShares
KBWB,PowerShares
KBWD,PowerShares
KBWY,PowerShares
KBWP,PowerShares
KBWR,PowerShares
LDRI,PowerShares
LALT,PowerShares
PNQI,PowerShares
PDBC,PowerShares
QQQ,PowerShares
USLB,PowerShares
PSCD,PowerShares
PSCC,PowerShares
PSCE,PowerShares
PSCF,PowerShares
PSCH,PowerShares
PSCI,PowerShares
PSCT,PowerShares
PSCM,PowerShares
PSCU,PowerShares
VRIG,PowerShares
PHO,PowerShares
PRAA,PRA
PRAH,PRA
PRAN,Prana
PRPO,Precipio
AIPT,Precision
PFBC,Preferred
PLPC,Preformed
PFBI,Premier
PINC,Premier
LENS,Presbia
PSDO,Presidio
PRGX,PRGX
PSMT,PriceSmart
PNRG,PrimeEnergy
PRMW,Primo
PRIM,Primoris
PVAL,Principal
PFG,Principal
BTEC,Principal
PXUS,Principal
GENY,Principal
PSET,Principal
PY,Principal
PMOM,Principal
USMC,Principal
PSC,Principal
PDEX,Pro-Dex
IPDN,Professional
PFIE,Profire
PGNX,Progenics
PRGS,Progress
LUNG,ProLung
PFPT,Proofpoint
PRPH,ProPhase
PRQR,ProQR
EQRR,ProShares
BIB,ProShares
UBIO,Proshares
TQQQ,ProShares
ZBIO,ProShares
SQQQ,ProShares
BIS,ProShares
PSEC,Prospect
PTGX,Protagonist
PRTO,Proteon
PTI,Proteostasis
PRTA,Prothena
PVBC,Provident
PROV,Provident
PBIP,Prudential
PSDV,pSivida
PMD,Psychemedics
PTC,PTC
PTCT,PTC
PULM,Pulmatrix
PLSE,Pulse
PBYI,Puma
PCYO,Pure
PRPL,Purple
PRPLW,Purple
PXS,Pyxis
QADA,QAD
QADB,QAD
QCRH,QCR
QGEN,Qiagen
QIWI,QIWI
QRVO,Qorvo
QCOM,QUALCOMM
QSII,Quality
QBAK,Qualstar
QLYS,Qualys
QTNA,Quantenna
QTRX,Quanterix
QTRH,Quarterhill
QRHC,Quest
QUIK,QuickLogic
QDEL,Quidel
QNST,QuinStreet
QUMU,Qumu
QTNT,Quotient
RRD,R.R.
RCM,R1
RARX,Ra
RADA,RADA
RDCM,Radcom
RSYS,RadiSys
RDUS,Radius
RDNT,RadNet
RDWR,Radware
METC,Ramaco
RMBS,Rambus
RAND,Rand
GOLD,Randgold
RNDB,Randolph
RPD,Rapid7
RAVE,Rave
RAVN,Raven
RBB,RBB
ROLL,RBC
RICK,RCI
RCMT,RCM
RDI,Reading
RDIB,Reading
RGSE,Real
BLCN,Reality
RNWK,RealNetworks
RP,RealPage
RETA,Reata
RCON,Recon
REPH,Recro
RRGB,Red
RRR,Red
RDFN,Redfin
RDHL,Redhill
REGN,Regeneron
RGNX,REGENXBIO
RGLS,Regulus
REIS,Reis
RBNC,Reliant
RELV,Reliv&#39
MARK,Remark
RNST,Renasant
REGI,Renewable
ABAC,Renmin
RCII,Rent-A-Center
RGEN,Repligen
RBCAA,Republic
FRBK,Republic
REFR,Research
RSLS,ReShape
RESN,Resonant
RECN,Resources
HAIR,Restoration
TORC,resTORbio
ROIC,Retail
RETO,ReTo
RTRX,Retrophin
RVNC,Revance
RVEN,Reven
RVLT,Revolution
RWLK,ReWalk
REXX,Rex
RFIL,RF
RGCO,RGC
RYTM,Rhythm
RBBN,Ribbon
RIBT,RiceBran
RIBTW,RiceBran
RELL,Richardson
RIGL,Rigel
RNET,RigNet
RMNI,Rimini
RIOT,Riot
REDU,RISE
RTTR,Ritter
RVSB,Riverview
RLJE,RLJ
RMGN,RMG
ROBO,ROBO
RCKT,Rocket
RMTI,Rockwell
RCKY,Rocky
RMCF,Rocky
ROKU,Roku
ROSE,Rosehill
ROSEU,Rosehill
ROSEW,Rosehill
ROSG,Rosetta
ROST,Ross
RGLD,Royal
RPXC,RPX
RTIX,RTI
RBCN,Rubicon
RMBL,RumbleOn
RUSHA,Rush
RUSHB,Rush
RUTH,Ruth&#39
RXII,RXi
RXIIW,RXi
RYAAY,Ryanair
STBA,S&T
SANW,S&W
SCAC,Saban
SCACU,Saban
SCACW,Saban
SBRA,Sabra
SBRAP,Sabra
SABR,Sabre
SAEX,SAExploration
SAFT,Safety
SAGE,Sage
SAIA,Saia
SALM,Salem
SAL,Salisbury
SAFM,Sanderson
SASR,Sandy
SGMO,Sangamo
SANM,Sanmina
GCVRZ,Sanofi
SPNS,Sapiens
SRPT,Sarepta
SVRA,Savara
SBFG,SB
SBFGP,SB
SBAC,SBA
SCSC,ScanSource
SMIT,Schmitt
SCHN,Schnitzer
SCHL,Scholastic
SGMS,Scientific
SCPH,scPharmaceuticals
SCYX,SCYNEXIS
SEAC,SeaChange
SBCF,Seacoast
STX,Seagate
SHIP,Seanergy
SHIPW,Seanergy
SHLD,Sears
SHLDW,Sears
SHOS,Sears
SPNE,SeaSpine
SGEN,Seattle
EYES,Second
EYESW,Second
SECO,Secoo
SCWX,SecureWorks
SNFCA,Security
SEIC,SEI
SLCT,Select
SIR,Select
SELB,Selecta
SIGI,Selective
SLS,SELLAS
LEDS,SemiLEDS
SMTC,Semtech
SENEA,Seneca
SENEB,Seneca
SNES,SenesTech
SNH,Senior
SNHNI,Senior
SNHNL,Senior
SNMX,Senomyx
SRTS,Sensus
SRTSW,Sensus
STNL,Sentinel
STNLU,Sentinel
STNLW,Sentinel
SQBG,Sequential
MCRB,Seres
SREV,ServiceSource
SFBS,ServisFirst
SSC,Seven
SVBI,Severn
SGBX,SG
SGOC,SGOCO
SEII,Sharing
SMED,Sharps
SHSP,SharpSpring
SHEN,Shenandoah
PIXY,ShiftPixy
SHLO,Shiloh
TYHT,Shineco
SHPG,Shire
SCVL,Shoe
SHBI,Shore
SSTI,ShotSpotter
SFLY,Shutterfly
SIFI,SI
SIEB,Siebert
SNNA,Sienna
SIEN,Sientra
BSRR,Sierra
SRRA,Sierra
SWIR,Sierra
SIFY,Sify
SIGM,Sigma
SGLB,Sigma
SGLBW,Sigma
SGMA,SigmaTron
SBNY,Signature
SBNYW,Signature
SLGN,Silgan
SILC,Silicom
SLAB,Silicon
SIMO,Silicon
SPIL,Siliconware
SAMG,Silvercrest
SSNT,SilverSun
SFNC,Simmons
SLP,Simulations
SINA,Sina
SBGI,Sinclair
SINO,Sino-Global
SVA,Sinovac
SIRI,Sirius
SITO,SITO
SKYS,Sky
SKYW,SkyWest
SWKS,Skyworks
SNBR,Sleep
SLM,SLM
SLMBP,SLM
SGH,SMART
SND,Smart
SMBK,SmartFinancial
SMSI,Smith
SMTX,SMTC
LNCE,Snyder&#39
SRAX,Social
SCKT,Socket
SODA,SodaStream
SOHU,Sohu.com
SLRC,Solar
SUNS,Solar
SEDG,SolarEdge
SLNO,Soleno
SLNOW,Soleno
SLGL,Sol-Gel
SLDB,Solid
SNGX,Soligenix
SNGXW,Soligenix
SONC,Sonic
SOFO,Sonic
SNOA,Sonoma
SNOAW,Sonoma
SPHS,Sophiris
SORL,SORL
SRNE,Sorrento
SOHO,Sotherly
SOHOB,Sotherly
SOHOO,Sotherly
SOHOK,Sotherly
SFBC,Sound
SSB,South
SFST,Southern
SMBC,Southern
SONA,Southern
SBSI,Southside
SP,SP
SGRP,SPAR
SPKE,Spark
SPKEP,Spark
ONCE,Spark
SPAR,Spartan
SPTN,SpartanNash
DWFI,SPDR
SPPI,Spectrum
SPRO,Spero
ANY,Sphere
SPEX,Spherix
SPI,SPI
SAVE,Spirit
SPLK,Splunk
SPOK,Spok
SPWH,Sportsman&#39
SBPH,Spring
FUND,Sprott
SFM,Sprouts
SPSC,SPS
SSNC,SS&C
SSLJ,SSLJ.com
SSRM,SSR
STAA,STAAR
STAF,Staffing
STMP,Stamps.com
SBLK,Star
SBLKZ,Star
SBUX,Starbucks
STFC,State
STBZ,State
STDY,SteadyMed
GASS,StealthGas
STCN,Steel
STLD,Steel
SMRT,Stein
STLR,Stellar
STLRU,Stellar
STLRW,Stellar
SBOT,Stellar
STML,Stemline
SRCL,Stericycle
SRCLP,Stericycle
SBT,Sterling
STRL,Sterling
SHOO,Steven
SSFN,Stewardship
SFIX,Stitch
SYBT,Stock
BANX,StoneCastle
SSKN,Strata
SSYS,Stratasys
HNDL,Strategy
STRT,Strattec
STRS,Stratus
STRA,Strayer
STRM,Streamline
SBBP,Strongbridge
STB,Student
SUMR,Summer
SMMF,Summit
SSBI,Summit
SMMT,Summit
SNHY,Sun
SNDE,Sundance
SNSS,Sunesis
STKL,SunOpta
SPWR,SunPower
RUN,Sunrun
SUNW,Sunworks
SMCI,Super
SPCB,SuperCom
SCON,Superconductor
SGC,Superior
SUPN,Supernus
SPRT,support.com
SGRY,Surgery
SRDX,Surmodics
SBBX,Sussex
SIVB,SVB
SYKE,Sykes
SYMC,Symantec
SYNC,Synacor
SYNL,Synalloy
SYNA,Synaptics
SNCR,Synchronoss
SNDX,Syndax
SYNH,Syneos
SGYP,Synergy
SYBX,Synlogic
SNPS,Synopsys
SYNT,Syntel
SES,Synthesis
SYPR,Sypris
SYRS,Syros
TROW,T.
TTOO,T2
TRHC,Tabula
TCMD,Tactile
TAIT,Taitron
TTWO,Take-Two
TLND,Talend
TNDM,Tandem
TLF,Tandy
TANH,Tantech
TPIV,TapImmune
TEDU,Tarena
TATT,TAT
TAYD,Taylor
CGBD,TCG
TCPC,TCP
AMTD,TD
PETZ,TDH
TECD,Tech
TCCO,Technical
TTGT,TechTarget
TGLS,Tecnoglass
TGEN,Tecogen
TNAV,Telenav
TLGT,Teligent
TELL,Tellurian
TENX,Tenax
TERP,TerraForm
TBNK,Territorial
TSRO,TESARO
TSLA,Tesla
TESS,TESSCO
TTEK,Tetra
TTPH,Tetraphase
TCBI,Texas
TCBIL,Texas
TCBIP,Texas
TCBIW,Texas
TXN,Texas
TXRH,Texas
TFSL,TFS
TGTX,TG
ANDE,The
TBBK,The
BPRN,The
CG,The
TCGP,The
CAKE,The
CHEF,The
TCFC,The
DSGX,The
DXYN,The
ENSG,The
XONE,The
FINL,The
FBMS,The
FLIC,The
GT,The
HABT,The
HCKT,The
HAIN,The
CUBA,The
INTG,The
JYNT,The
KEYW,The
KHC,The
OLD,The
MSG,The
MDCO,The
MEET,The
MIK,The
MIDD,The
NAVG,The
SLIM,The
STKS,The
ORG,The
PRSC,The
RMR,The
SMPL,The
SMPLW,The
TSG,The
TTD,The
ULTI,The
YORW,The
NCTY,The9
TXMD,TherapeuticsMD
TRPX,Therapix
TBPH,Theravance
TST,TheStreet
TCRD,THL
TICC,TICC
TICCL,TICC
TIG,TiGenix
TTS,Tile
TIL,Till
TSBK,Timberland
TNTR,Tintri
TIPT,Tiptree
TITN,Titan
TTNP,Titan
TVTY,Tivity
TIVO,TiVo
TMUS,T-Mobile
TMSR,TMSR
TMSRW,TMSR
TOCA,Tocagen
TNXP,Tonix
TISA,Top
TOPS,TOP
TRCH,Torchlight
TRMD,TORM
TSEM,Tower
CLUB,Town
TOWN,Towne
TPIC,TPI
TCON,TRACON
TSCO,Tractor
TWMC,Trans
TACT,TransAct
TRNS,Transcat
TGA,TransGlobe
TA,TravelCenters
TANNI,TravelCenters
TANNL,TravelCenters
TANNZ,TravelCenters
TZOO,Travelzoo
TRMT,Tremont
TRVN,Trevena
TCBK,TriCo
TRIL,Trillium
TRS,TriMas
TRMB,Trimble
TRIB,Trinity
TRIP,TripAdvisor
TSC,TriState
TBK,Triumph
TRVG,trivago
TRNC,tronc
TROV,TrovaGene
TRUE,TrueCar
THST,Truett-Hurst
TRUP,Trupanion
TRST,TrustCo
TRMK,Trustmark
TSRI,TSR
TTEC,TTEC
TTMI,TTM
TCX,Tucows
TUES,Tuesday
TOUR,Tuniu
HEAR,Turtle
FOX,Twenty-First
FOXA,Twenty-First
TWIN,Twin
TRCB,Two
TYME,Tyme
USCR,U
PRTS,U.S.
USEG,U.S.
GROW,U.S.
USAU,U.S.
UBNT,Ubiquiti
UFPT,UFP
ULTA,Ulta
UCTT,Ultra
UPL,Ultra
RARE,Ultragenyx
ULBI,Ultralife
UMBF,UMB
UMPQ,Umpqua
UNAM,Unico
UBSH,Union
UNB,Union
QURE,uniQure
UBCP,United
UBOH,United
UBSI,United
UCBA,United
UCBI,United
UCFC,United
UBNK,United
UFCS,United
UIHC,United
UNFI,United
UBFO,United
USLM,United
UTHR,United
UG,United-Guardian
UNIT,Uniti
UNTY,Unity
OLED,Universal
UEIC,Universal
UFPI,Universal
ULH,Universal
USAP,Universal
UVSP,Univest
UPLD,Upland
UONE,Urban
UONEK,Urban
URBN,Urban
URGN,UroGen
ECOL,US
USAT,USA
USATP,USA
USAK,USA
UTMD,Utah
UTSI,UTStarcom
VLRX,Valeritas
VALX,Validea
VALU,Value
VNDA,Vanda
BBH,VanEck
GNRX,VanEck
PPH,VanEck
VWOB,Vanguard
VNQI,Vanguard
VCIT,Vanguard
VGIT,Vanguard
VIGI,Vanguard
VYMI,Vanguard
VCLT,Vanguard
VGLT,Vanguard
VMBS,Vanguard
VONE,Vanguard
VONG,Vanguard
VONV,Vanguard
VTWO,Vanguard
VTWG,Vanguard
VTWV,Vanguard
VTHR,Vanguard
VCSH,Vanguard
VTIP,Vanguard
VGSH,Vanguard
VTC,Vanguard
BNDX,Vanguard
VXUS,Vanguard
VEAC,Vantage
VEACU,Vantage
VEACW,Vantage
VREX,Varex
VRNS,Varonis
VDSI,VASCO
VBLT,Vascular
VXRT,Vaxart
VBIV,VBI
VECO,Veeco
VEON,VEON
VRA,Vera
VCYT,Veracyte
VSTM,Verastem
VCEL,Vericel
VRNT,Verint
VRSN,VeriSign
VRSK,Verisk
VBTX,Veritex
VERI,Veritone
VRML,Vermillion
VRNA,Verona
VSAR,Versartis
VTNR,Vertex
VRTX,Vertex
VERU,Veru
VIA,Viacom
VIAB,Viacom
VSAT,ViaSat
VIAV,Viavi
VICL,Vical
VICR,Vicor
VCTR,Victory
CIZ,VictoryShares
VSDA,VictoryShares
CEY,VictoryShares
CEZ,VictoryShares
CID,VictoryShares
CIL,VictoryShares
CFO,VictoryShares
CFA,VictoryShares
CSF,VictoryShares
CDC,VictoryShares
CDL,VictoryShares
VSMV,VictoryShares
CSB,VictoryShares
CSA,VictoryShares
VDTH,Videocon
VRAY,ViewRay
VKTX,Viking
VKTXW,Viking
VBFC,Village
VLGEA,Village
VNOM,Viper
VIRC,Virco
VIRT,Virtu
VRTS,Virtus
VRTSP,Virtus
BBC,Virtus
BBP,Virtus
VRTU,Virtusa
VTGN,VistaGen
VC,Visteon
VTL,Vital
VIVE,Viveve
VVPR,VivoPower
VVUS,VIVUS
VOD,Vodafone
VOXX,VOXX
VYGR,Voyager
VSEC,VSE
VTVT,vTv
VUZI,Vuzix
WBA,Walgreens
WAFD,Washington
WAFDW,Washington
WASH,Washington
WSBF,Waterstone
WVE,WAVE
WSTG,Wayside
WCFB,WCF
WDFC,WD-40
WEB,Web.com
WB,Weibo
WEBK,Wellesley
WEN,Wendy&#39
WERN,Werner
WSBC,WesBanco
WTBA,West
WABC,Westamerica
WSTL,Westell
WDC,Western
WNEB,Western
WLB,Westmoreland
WPRT,Westport
WWR,Westwater
WEYS,Weyco
WHLR,Wheeler
WHLRD,Wheeler
WHLRP,Wheeler
WHLRW,Wheeler
WHF,WhiteHorse
WHFBL,WhiteHorse
WHLM,Wilhelmina
WVVI,Willamette
WVVIP,Willamette
WLDN,Willdan
WLFC,Willis
WLTW,Willis
WSC,WillScot
WSCWW,WillScot
WIN,Windstream
WING,Wingstop
WINA,Winmark
WINS,Wins
WTFC,Wintrust
WTFCM,Wintrust
WTFCW,Wintrust
AGZD,WisdomTree
AGND,WisdomTree
CXSE,WisdomTree
EMCG,WisdomTree
EMCB,WisdomTree
DGRE,WisdomTree
DXGE,WisdomTree
HYZD,WisdomTree
WETF,WisdomTree
DXJS,WisdomTree
GULF,WisdomTree
HYND,WisdomTree
DGRW,WisdomTree
DGRS,WisdomTree
DXPS,WisdomTree
WIX,Wix.com
WMIH,WMIH
WWD,Woodward
WDAY,Workday
WKHS,Workhorse
WRLD,World
WMGI,Wright
WMGIZ,Wright
WSFS,WSFS
WSCI,WSI
WVFC,WVS
WYNN,Wynn
XBIT,XBiotech
XELB,Xcel
XEL,Xcel
XCRA,Xcerra
XNCR,Xencor
XBIO,Xenetic
XENE,Xenon
XGTI,XG
XGTIW,XG
XLNX,Xilinx
XOMA,XOMA
XPER,Xperi
XPLR,Xplore
XSPA,XpresSpa
XTLB,XTL
XNET,Xunlei
YNDX,Yandex
YRIV,Yangtze
YTRA,Yatra
YTEN,Yield10
YIN,Yintech
YOGA,YogaWorks
YGYI,Youngevity
YRCW,YRC
YECO,Yulong
YY,YY
ZFGN,Zafgen
ZAGG,ZAGG
ZLAB,Zai
ZAIS,ZAIS
ZEAL,Zealand
ZBRA,Zebra
Z,Zillow
ZG,Zillow
ZN,Zion
ZNWAA,Zion
ZION,Zions
ZIONW,Zions
ZIONZ,Zions
ZIOP,ZIOPHARM
ZIXI,Zix
ZKIN,ZK
ZGNX,Zogenix
ZSAN,Zosano
ZUMZ,Zumiez
ZYNE,Zynerba
ZNGA,Zynga
